{
    "defaultCommandTimeout": 30000,
    "pageLoadTimeout": 60000,
    "requestTimeout": 60000,
    "integrationFolder": "cypress/specs",
    "screenshotsFolder": "cypress/screenshots",
    "videosFolder": "cypress/videos",
    "trashAssetsBeforeRuns": true,
    "reporter": "mochawesome",
    "reporterOptions": {
        "reportDir": "cypress/report/",
        "reportFileName": "executionReport",
        "overwrite": true,
        "html": true,
        "json": true,
        "charts": true,
        "timestamp": "mmddyyyy_HHMMss"
    },
    "video": true
}
